id,name,age,gender,phone_number,status,created_at,updated_at,is_deleted,deleted_at,deleted_by
1500,Do Van G,33,MALE,0945678901,ACTIVE,2025-10-07 18:44:51,,false,,
1501,Bui Thi H,29,FEMALE,0956789012,ACTIVE,2025-10-07 18:44:51,,false,,
1502,Ngo Van I,37,MALE,0967890123,ACTIVE,2025-10-07 18:44:51,,false,,
1503,Dang Thi J,32,FEMALE,0978901234,ACTIVE,2025-10-07 18:44:51,,false,,
1504,Vu Van K,41,MALE,0989012345,ACTIVE,2025-10-07 18:44:51,,false,,
1505,Cao Thi L,27,FEMALE,0990123456,ACTIVE,2025-10-07 18:44:51,,false,,
1506,Ly Van M,36,MALE,0901234567,ACTIVE,2025-10-07 18:44:51,,false,,
1507,Truong Thi N,30,FEMALE,0912345678,ACTIVE,2025-10-07 18:44:51,,false,,
1508,Dinh Van O,44,MALE,0923456789,ACTIVE,2025-10-07 18:44:51,,false,,
1509,Mai Thi P,25,FEMALE,0934567890,ACTIVE,2025-10-07 18:44:51,,false,,
1510,Tong Van Q,38,MALE,0945678901,ACTIVE,2025-10-07 18:44:51,,false,,
1511,Lam Thi R,31,FEMALE,0956789012,ACTIVE,2025-10-07 18:44:51,,false,,
1512,Huynh Van S,43,MALE,0967890123,ACTIVE,2025-10-07 18:44:51,,false,,
1513,Chau Thi T,28,FEMALE,0978901234,ACTIVE,2025-10-07 18:44:51,,false,,
1514,Quach Van U,35,MALE,0989012345,ACTIVE,2025-10-07 18:44:51,,false,,
1515,Duong Thi V,29,FEMALE,0990123456,ACTIVE,2025-10-07 18:44:51,,false,,
1516,Phan Van W,40,MALE,0901234567,ACTIVE,2025-10-07 18:44:51,,false,,
1517,Tang Thi X,26,FEMALE,0912345678,ACTIVE,2025-10-07 18:44:51,,false,,
1518,Luu Van Y,39,MALE,0923456789,ACTIVE,2025-10-07 18:44:51,,false,,
1519,Hoa Thi Z,33,FEMALE,0934567890,ACTIVE,2025-10-07 18:44:51,,false,,
